--------------------------------------------------------
--  File created - Tuesday-March-10-2026   
--------------------------------------------------------
--------------------------------------------------------
--  DDL for Table DEPARTMENTS
--------------------------------------------------------

  CREATE TABLE "HR"."DEPARTMENTS" 
   (	"DEPARTMENT_ID" NUMBER(4,0), 
	"DEPARTMENT_NAME" VARCHAR2(30 BYTE), 
	"MANAGER_ID" NUMBER(6,0), 
	"LOCATION_ID" NUMBER(4,0)
   ) ;

   COMMENT ON COLUMN "HR"."DEPARTMENTS"."DEPARTMENT_ID" IS 'Primary key column of departments table.';
   COMMENT ON COLUMN "HR"."DEPARTMENTS"."DEPARTMENT_NAME" IS 'A not null column that shows name of a department. Administration, 
Marketing, Purchasing, Human Resources, Shipping, IT, Executive, Public 
Relations, Sales, Finance, and Accounting. ';
   COMMENT ON COLUMN "HR"."DEPARTMENTS"."MANAGER_ID" IS 'Manager_id of a department. Foreign key to employee_id column of employees table. The manager_id column of the employee table references this column.';
   COMMENT ON COLUMN "HR"."DEPARTMENTS"."LOCATION_ID" IS 'Location id where a department is located. Foreign key to location_id column of locations table.';
   COMMENT ON TABLE "HR"."DEPARTMENTS"  IS 'Departments table that shows details of departments where employees 
work. Contains 27 rows; references with locations, employees, and job_history tables.';
REM INSERTING into HR.DEPARTMENTS
SET DEFINE OFF;
Insert into HR.DEPARTMENTS (DEPARTMENT_ID,DEPARTMENT_NAME,MANAGER_ID,LOCATION_ID) values (10,'Administration',200,1700);
Insert into HR.DEPARTMENTS (DEPARTMENT_ID,DEPARTMENT_NAME,MANAGER_ID,LOCATION_ID) values (20,'Marketing',201,1800);
Insert into HR.DEPARTMENTS (DEPARTMENT_ID,DEPARTMENT_NAME,MANAGER_ID,LOCATION_ID) values (30,'Purchasing',114,1700);
Insert into HR.DEPARTMENTS (DEPARTMENT_ID,DEPARTMENT_NAME,MANAGER_ID,LOCATION_ID) values (40,'Human Resources',203,2400);
Insert into HR.DEPARTMENTS (DEPARTMENT_ID,DEPARTMENT_NAME,MANAGER_ID,LOCATION_ID) values (50,'Shipping',121,1500);
Insert into HR.DEPARTMENTS (DEPARTMENT_ID,DEPARTMENT_NAME,MANAGER_ID,LOCATION_ID) values (60,'IT',103,1400);
Insert into HR.DEPARTMENTS (DEPARTMENT_ID,DEPARTMENT_NAME,MANAGER_ID,LOCATION_ID) values (70,'Public Relations',204,2700);
Insert into HR.DEPARTMENTS (DEPARTMENT_ID,DEPARTMENT_NAME,MANAGER_ID,LOCATION_ID) values (80,'Sales',145,2500);
Insert into HR.DEPARTMENTS (DEPARTMENT_ID,DEPARTMENT_NAME,MANAGER_ID,LOCATION_ID) values (90,'Executive',100,1700);
Insert into HR.DEPARTMENTS (DEPARTMENT_ID,DEPARTMENT_NAME,MANAGER_ID,LOCATION_ID) values (100,'Finance',108,1700);
Insert into HR.DEPARTMENTS (DEPARTMENT_ID,DEPARTMENT_NAME,MANAGER_ID,LOCATION_ID) values (110,'Accounting',205,1700);
Insert into HR.DEPARTMENTS (DEPARTMENT_ID,DEPARTMENT_NAME,MANAGER_ID,LOCATION_ID) values (120,'Treasury',null,1700);
Insert into HR.DEPARTMENTS (DEPARTMENT_ID,DEPARTMENT_NAME,MANAGER_ID,LOCATION_ID) values (130,'Corporate Tax',null,1700);
Insert into HR.DEPARTMENTS (DEPARTMENT_ID,DEPARTMENT_NAME,MANAGER_ID,LOCATION_ID) values (140,'Control And Credit',null,1700);
Insert into HR.DEPARTMENTS (DEPARTMENT_ID,DEPARTMENT_NAME,MANAGER_ID,LOCATION_ID) values (150,'Shareholder Services',null,1700);
Insert into HR.DEPARTMENTS (DEPARTMENT_ID,DEPARTMENT_NAME,MANAGER_ID,LOCATION_ID) values (160,'Benefits',null,1700);
Insert into HR.DEPARTMENTS (DEPARTMENT_ID,DEPARTMENT_NAME,MANAGER_ID,LOCATION_ID) values (170,'Manufacturing',null,1700);
Insert into HR.DEPARTMENTS (DEPARTMENT_ID,DEPARTMENT_NAME,MANAGER_ID,LOCATION_ID) values (180,'Construction',null,1700);
Insert into HR.DEPARTMENTS (DEPARTMENT_ID,DEPARTMENT_NAME,MANAGER_ID,LOCATION_ID) values (190,'Contracting',null,1700);
Insert into HR.DEPARTMENTS (DEPARTMENT_ID,DEPARTMENT_NAME,MANAGER_ID,LOCATION_ID) values (200,'Operations',null,1700);
Insert into HR.DEPARTMENTS (DEPARTMENT_ID,DEPARTMENT_NAME,MANAGER_ID,LOCATION_ID) values (210,'IT Support',null,1700);
Insert into HR.DEPARTMENTS (DEPARTMENT_ID,DEPARTMENT_NAME,MANAGER_ID,LOCATION_ID) values (220,'NOC',null,1700);
Insert into HR.DEPARTMENTS (DEPARTMENT_ID,DEPARTMENT_NAME,MANAGER_ID,LOCATION_ID) values (230,'IT Helpdesk',null,1700);
Insert into HR.DEPARTMENTS (DEPARTMENT_ID,DEPARTMENT_NAME,MANAGER_ID,LOCATION_ID) values (240,'Government Sales',null,1700);
Insert into HR.DEPARTMENTS (DEPARTMENT_ID,DEPARTMENT_NAME,MANAGER_ID,LOCATION_ID) values (250,'Retail Sales',null,1700);
Insert into HR.DEPARTMENTS (DEPARTMENT_ID,DEPARTMENT_NAME,MANAGER_ID,LOCATION_ID) values (260,'Recruiting',null,1700);
Insert into HR.DEPARTMENTS (DEPARTMENT_ID,DEPARTMENT_NAME,MANAGER_ID,LOCATION_ID) values (270,'Payroll',null,1700);
--------------------------------------------------------
--  DDL for Index DEPT_ID_PK
--------------------------------------------------------

  CREATE UNIQUE INDEX "HR"."DEPT_ID_PK" ON "HR"."DEPARTMENTS" ("DEPARTMENT_ID") 
  ;
--------------------------------------------------------
--  DDL for Index DEPT_LOCATION_IX
--------------------------------------------------------

  CREATE INDEX "HR"."DEPT_LOCATION_IX" ON "HR"."DEPARTMENTS" ("LOCATION_ID") 
  ;
--------------------------------------------------------
--  Constraints for Table DEPARTMENTS
--------------------------------------------------------

  ALTER TABLE "HR"."DEPARTMENTS" MODIFY ("DEPARTMENT_NAME" CONSTRAINT "DEPT_NAME_NN" NOT NULL ENABLE);
  ALTER TABLE "HR"."DEPARTMENTS" ADD CONSTRAINT "DEPT_ID_PK" PRIMARY KEY ("DEPARTMENT_ID")
  USING INDEX "HR"."DEPT_ID_PK"  ENABLE;
--------------------------------------------------------
--  Ref Constraints for Table DEPARTMENTS
--------------------------------------------------------

  ALTER TABLE "HR"."DEPARTMENTS" ADD CONSTRAINT "DEPT_LOC_FK" FOREIGN KEY ("LOCATION_ID")
	  REFERENCES "HR"."LOCATIONS" ("LOCATION_ID") ENABLE;
  ALTER TABLE "HR"."DEPARTMENTS" ADD CONSTRAINT "DEPT_MGR_FK" FOREIGN KEY ("MANAGER_ID")
	  REFERENCES "HR"."EMPLOYEES" ("EMPLOYEE_ID") ENABLE;

      
      GRANT SELECT ON HR.DEPARTMENTS TO USRCLASE1;
      
      GRANT SELECT ON HR.EMPLOYEES TO USRCLASE1;
      
      CREATE TABLE EMPLOYEES AS
SELECT * FROM HR.EMPLOYEES;
      
--------------------------------------------------------
--  File created - Tuesday-March-10-2026   
--------------------------------------------------------
--------------------------------------------------------
--  DDL for Table EMPLOYEES
--------------------------------------------------------

  CREATE TABLE "HR"."EMPLOYEES" 
   (	"EMPLOYEE_ID" NUMBER(6,0), 
	"FIRST_NAME" VARCHAR2(20 BYTE), 
	"LAST_NAME" VARCHAR2(25 BYTE), 
	"EMAIL" VARCHAR2(25 BYTE), 
	"PHONE_NUMBER" VARCHAR2(20 BYTE), 
	"HIRE_DATE" DATE, 
	"JOB_ID" VARCHAR2(10 BYTE), 
	"SALARY" NUMBER(8,2), 
	"COMMISSION_PCT" NUMBER(2,2), 
	"MANAGER_ID" NUMBER(6,0), 
	"DEPARTMENT_ID" NUMBER(4,0)
   ) SEGMENT CREATION IMMEDIATE 
  PCTFREE 10 PCTUSED 40 INITRANS 1 MAXTRANS 255 
 NOCOMPRESS LOGGING
  STORAGE(INITIAL 65536 NEXT 1048576 MINEXTENTS 1 MAXEXTENTS 2147483645
  PCTINCREASE 0 FREELISTS 1 FREELIST GROUPS 1
  BUFFER_POOL DEFAULT FLASH_CACHE DEFAULT CELL_FLASH_CACHE DEFAULT)
  TABLESPACE "USERS" ;

   COMMENT ON COLUMN "HR"."EMPLOYEES"."EMPLOYEE_ID" IS 'Primary key of employees table.';
   COMMENT ON COLUMN "HR"."EMPLOYEES"."FIRST_NAME" IS 'First name of the employee. A not null column.';
   COMMENT ON COLUMN "HR"."EMPLOYEES"."LAST_NAME" IS 'Last name of the employee. A not null column.';
   COMMENT ON COLUMN "HR"."EMPLOYEES"."EMAIL" IS 'Email id of the employee';
   COMMENT ON COLUMN "HR"."EMPLOYEES"."PHONE_NUMBER" IS 'Phone number of the employee; includes country code and area code';
   COMMENT ON COLUMN "HR"."EMPLOYEES"."HIRE_DATE" IS 'Date when the employee started on this job. A not null column.';
   COMMENT ON COLUMN "HR"."EMPLOYEES"."JOB_ID" IS 'Current job of the employee; foreign key to job_id column of the 
jobs table. A not null column.';
   COMMENT ON COLUMN "HR"."EMPLOYEES"."SALARY" IS 'Monthly salary of the employee. Must be greater 
than zero (enforced by constraint emp_salary_min)';
   COMMENT ON COLUMN "HR"."EMPLOYEES"."COMMISSION_PCT" IS 'Commission percentage of the employee; Only employees in sales 
department elgible for commission percentage';
   COMMENT ON COLUMN "HR"."EMPLOYEES"."MANAGER_ID" IS 'Manager id of the employee; has same domain as manager_id in 
departments table. Foreign key to employee_id column of employees table.
(useful for reflexive joins and CONNECT BY query)';
   COMMENT ON COLUMN "HR"."EMPLOYEES"."DEPARTMENT_ID" IS 'Department id where employee works; foreign key to department_id 
column of the departments table';
   COMMENT ON TABLE "HR"."EMPLOYEES"  IS 'employees table. Contains 107 rows. References with departments, 
jobs, job_history tables. Contains a self reference.';
REM INSERTING into HR.EMPLOYEES
SET DEFINE OFF;
Insert into HR.EMPLOYEES (EMPLOYEE_ID,FIRST_NAME,LAST_NAME,EMAIL,PHONE_NUMBER,HIRE_DATE,JOB_ID,SALARY,COMMISSION_PCT,MANAGER_ID,DEPARTMENT_ID) values (198,'D9na','OConnell','DOCONNEL','751.6488.9833',to_date('21/06/1999 00:00:00','DD/MM/YYYY HH24:MI:SS'),'SH_CLERK',25000,null,124,50);
Insert into HR.EMPLOYEES (EMPLOYEE_ID,FIRST_NAME,LAST_NAME,EMAIL,PHONE_NUMBER,HIRE_DATE,JOB_ID,SALARY,COMMISSION_PCT,MANAGER_ID,DEPARTMENT_ID) values (199,'Danaplax','Grant','DGRANT','151.0204.23441',to_date('13/01/2000 00:00:00','DD/MM/YYYY HH24:MI:SS'),'SH_CLERK',9873.5,null,124,50);
Insert into HR.EMPLOYEES (EMPLOYEE_ID,FIRST_NAME,LAST_NAME,EMAIL,PHONE_NUMBER,HIRE_DATE,JOB_ID,SALARY,COMMISSION_PCT,MANAGER_ID,DEPARTMENT_ID) values (200,'DaviD','Whalen','JWHALEN','515.123.4444',to_date('17/09/1987 00:00:00','DD/MM/YYYY HH24:MI:SS'),'AD_ASST',9431.79,null,101,10);
Insert into HR.EMPLOYEES (EMPLOYEE_ID,FIRST_NAME,LAST_NAME,EMAIL,PHONE_NUMBER,HIRE_DATE,JOB_ID,SALARY,COMMISSION_PCT,MANAGER_ID,DEPARTMENT_ID) values (201,'D#vid','Hartstein','MHARTSTE','515.123.5555',to_date('17/02/1996 00:00:00','DD/MM/YYYY HH24:MI:SS'),'MK_MAN',13000,null,100,20);
Insert into HR.EMPLOYEES (EMPLOYEE_ID,FIRST_NAME,LAST_NAME,EMAIL,PHONE_NUMBER,HIRE_DATE,JOB_ID,SALARY,COMMISSION_PCT,MANAGER_ID,DEPARTMENT_ID) values (202,'Daaaaaaaaala','Fay','PFAY','603.123.6666',to_date('17/08/1997 00:00:00','DD/MM/YYYY HH24:MI:SS'),'MK_REP',8784.6,null,201,20);
Insert into HR.EMPLOYEES (EMPLOYEE_ID,FIRST_NAME,LAST_NAME,EMAIL,PHONE_NUMBER,HIRE_DATE,JOB_ID,SALARY,COMMISSION_PCT,MANAGER_ID,DEPARTMENT_ID) values (203,'Dla','Mavris','SMAVRIS','11.204.234244',to_date('07/06/1994 00:00:00','DD/MM/YYYY HH24:MI:SS'),'HR_REP',9516.65,null,101,40);
Insert into HR.EMPLOYEES (EMPLOYEE_ID,FIRST_NAME,LAST_NAME,EMAIL,PHONE_NUMBER,HIRE_DATE,JOB_ID,SALARY,COMMISSION_PCT,MANAGER_ID,DEPARTMENT_ID) values (204,'Dla','Baer','HBAER','515.22222.8888',to_date('07/06/1994 00:00:00','DD/MM/YYYY HH24:MI:SS'),'PR_REP',10000,null,101,70);
Insert into HR.EMPLOYEES (EMPLOYEE_ID,FIRST_NAME,LAST_NAME,EMAIL,PHONE_NUMBER,HIRE_DATE,JOB_ID,SALARY,COMMISSION_PCT,MANAGER_ID,DEPARTMENT_ID) values (205,'Divok','Higgins','SHIGGINS','515.123.8080',to_date('07/06/1994 00:00:00','DD/MM/YYYY HH24:MI:SS'),'AC_MGR',12000,null,101,110);
Insert into HR.EMPLOYEES (EMPLOYEE_ID,FIRST_NAME,LAST_NAME,EMAIL,PHONE_NUMBER,HIRE_DATE,JOB_ID,SALARY,COMMISSION_PCT,MANAGER_ID,DEPARTMENT_ID) values (206,'Davad','Gietz','WGIETZ','515.123.8181',to_date('07/06/1994 00:00:00','DD/MM/YYYY HH24:MI:SS'),'AC_ACCOUNT',9130,null,205,110);
Insert into HR.EMPLOYEES (EMPLOYEE_ID,FIRST_NAME,LAST_NAME,EMAIL,PHONE_NUMBER,HIRE_DATE,JOB_ID,SALARY,COMMISSION_PCT,MANAGER_ID,DEPARTMENT_ID) values (301,'Randall','Leitón','ejemplo@gmail.com',null,to_date('01/03/0097 00:00:00','DD/MM/YYYY HH24:MI:SS'),'SA_REP',90000,0.5,100,80);
Insert into HR.EMPLOYEES (EMPLOYEE_ID,FIRST_NAME,LAST_NAME,EMAIL,PHONE_NUMBER,HIRE_DATE,JOB_ID,SALARY,COMMISSION_PCT,MANAGER_ID,DEPARTMENT_ID) values (305,'Randall','Leitón','ejempl1o@gmail.com',null,to_date('01/03/0097 00:00:00','DD/MM/YYYY HH24:MI:SS'),'SA_REP',90000,0.5,100,80);
Insert into HR.EMPLOYEES (EMPLOYEE_ID,FIRST_NAME,LAST_NAME,EMAIL,PHONE_NUMBER,HIRE_DATE,JOB_ID,SALARY,COMMISSION_PCT,MANAGER_ID,DEPARTMENT_ID) values (152,'Peter','Hall','PHALL','011.44.1344.478968',to_date('20/08/1997 00:00:00','DD/MM/YYYY HH24:MI:SS'),'SA_REP',9000,0.25,145,80);
Insert into HR.EMPLOYEES (EMPLOYEE_ID,FIRST_NAME,LAST_NAME,EMAIL,PHONE_NUMBER,HIRE_DATE,JOB_ID,SALARY,COMMISSION_PCT,MANAGER_ID,DEPARTMENT_ID) values (100,'GeralD','King','SKING','515.1223.4567',to_date('17/06/1987 00:00:00','DD/MM/YYYY HH24:MI:SS'),'AD_PRES',60000,null,null,90);
Insert into HR.EMPLOYEES (EMPLOYEE_ID,FIRST_NAME,LAST_NAME,EMAIL,PHONE_NUMBER,HIRE_DATE,JOB_ID,SALARY,COMMISSION_PCT,MANAGER_ID,DEPARTMENT_ID) values (101,'Neena','Kochhar','NKOCHHAR','515.123.4568',to_date('21/09/1989 00:00:00','DD/MM/YYYY HH24:MI:SS'),'AD_VP',22627,null,100,90);
Insert into HR.EMPLOYEES (EMPLOYEE_ID,FIRST_NAME,LAST_NAME,EMAIL,PHONE_NUMBER,HIRE_DATE,JOB_ID,SALARY,COMMISSION_PCT,MANAGER_ID,DEPARTMENT_ID) values (102,'Dana','De Haan','LDEHAAN','515.123.4569',to_date('13/01/1993 00:00:00','DD/MM/YYYY HH24:MI:SS'),'AD_VP',22627,null,100,90);
Insert into HR.EMPLOYEES (EMPLOYEE_ID,FIRST_NAME,LAST_NAME,EMAIL,PHONE_NUMBER,HIRE_DATE,JOB_ID,SALARY,COMMISSION_PCT,MANAGER_ID,DEPARTMENT_ID) values (103,'daaaaDid','Hunold','AHUNOLD','590.423.4567',to_date('03/01/1990 00:00:00','DD/MM/YYYY HH24:MI:SS'),'IT_PROG',9000,null,102,60);
Insert into HR.EMPLOYEES (EMPLOYEE_ID,FIRST_NAME,LAST_NAME,EMAIL,PHONE_NUMBER,HIRE_DATE,JOB_ID,SALARY,COMMISSION_PCT,MANAGER_ID,DEPARTMENT_ID) values (104,'Dasa','Ernst','BERNST','590.423.4568',to_date('21/05/1991 00:00:00','DD/MM/YYYY HH24:MI:SS'),'IT_PROG',8784.6,null,103,60);
Insert into HR.EMPLOYEES (EMPLOYEE_ID,FIRST_NAME,LAST_NAME,EMAIL,PHONE_NUMBER,HIRE_DATE,JOB_ID,SALARY,COMMISSION_PCT,MANAGER_ID,DEPARTMENT_ID) values (105,'D1a','Austin','DAUSTIN','590.423.4569',to_date('25/06/1997 00:00:00','DD/MM/YYYY HH24:MI:SS'),'IT_PROG',9353.85,null,103,60);
Insert into HR.EMPLOYEES (EMPLOYEE_ID,FIRST_NAME,LAST_NAME,EMAIL,PHONE_NUMBER,HIRE_DATE,JOB_ID,SALARY,COMMISSION_PCT,MANAGER_ID,DEPARTMENT_ID) values (106,'Da a','Pataballa','VPATABAL','590.423.4560',to_date('05/02/1998 00:00:00','DD/MM/YYYY HH24:MI:SS'),'IT_PROG',9353.85,null,103,60);
Insert into HR.EMPLOYEES (EMPLOYEE_ID,FIRST_NAME,LAST_NAME,EMAIL,PHONE_NUMBER,HIRE_DATE,JOB_ID,SALARY,COMMISSION_PCT,MANAGER_ID,DEPARTMENT_ID) values (107,'D/a','Lorentz','DLORENTZ','555.4223.5567',to_date('07/02/1999 00:00:00','DD/MM/YYYY HH24:MI:SS'),'IT_PROG',9003.07,null,103,60);
Insert into HR.EMPLOYEES (EMPLOYEE_ID,FIRST_NAME,LAST_NAME,EMAIL,PHONE_NUMBER,HIRE_DATE,JOB_ID,SALARY,COMMISSION_PCT,MANAGER_ID,DEPARTMENT_ID) values (108,'Dev','Greenberg','NGREENBE','515.124.4569',to_date('17/08/1994 00:00:00','DD/MM/YYYY HH24:MI:SS'),'FI_MGR',12000,null,101,100);
Insert into HR.EMPLOYEES (EMPLOYEE_ID,FIRST_NAME,LAST_NAME,EMAIL,PHONE_NUMBER,HIRE_DATE,JOB_ID,SALARY,COMMISSION_PCT,MANAGER_ID,DEPARTMENT_ID) values (109,'D/a','Faviet','DFAVIET','515.124.4169',to_date('16/08/1994 00:00:00','DD/MM/YYYY HH24:MI:SS'),'FI_ACCOUNT',9000,null,108,100);
Insert into HR.EMPLOYEES (EMPLOYEE_ID,FIRST_NAME,LAST_NAME,EMAIL,PHONE_NUMBER,HIRE_DATE,JOB_ID,SALARY,COMMISSION_PCT,MANAGER_ID,DEPARTMENT_ID) values (110,'Dav','Chen','JCHEN','515.124.4269',to_date('28/09/1997 00:00:00','DD/MM/YYYY HH24:MI:SS'),'FI_ACCOUNT',9020,null,108,100);
Insert into HR.EMPLOYEES (EMPLOYEE_ID,FIRST_NAME,LAST_NAME,EMAIL,PHONE_NUMBER,HIRE_DATE,JOB_ID,SALARY,COMMISSION_PCT,MANAGER_ID,DEPARTMENT_ID) values (111,'Dina','Sciarra','ISCIARRA','111.0648.23448',to_date('30/09/1997 00:00:00','DD/MM/YYYY HH24:MI:SS'),'FI_ACCOUNT',9317,null,108,100);
Insert into HR.EMPLOYEES (EMPLOYEE_ID,FIRST_NAME,LAST_NAME,EMAIL,PHONE_NUMBER,HIRE_DATE,JOB_ID,SALARY,COMMISSION_PCT,MANAGER_ID,DEPARTMENT_ID) values (112,'Jose Manuel','Urman','JMURMAN','515.124.4469',to_date('07/03/1998 00:00:00','DD/MM/YYYY HH24:MI:SS'),'FI_ACCOUNT',9438,null,108,100);
Insert into HR.EMPLOYEES (EMPLOYEE_ID,FIRST_NAME,LAST_NAME,EMAIL,PHONE_NUMBER,HIRE_DATE,JOB_ID,SALARY,COMMISSION_PCT,MANAGER_ID,DEPARTMENT_ID) values (113,'Peter','Pa','LPOPP','141.648.234248',to_date('07/12/1999 00:00:00','DD/MM/YYYY HH24:MI:SS'),'FI_ACCOUNT',9183.9,null,108,100);
Insert into HR.EMPLOYEES (EMPLOYEE_ID,FIRST_NAME,LAST_NAME,EMAIL,PHONE_NUMBER,HIRE_DATE,JOB_ID,SALARY,COMMISSION_PCT,MANAGER_ID,DEPARTMENT_ID) values (114,'D3v','Raphaely','DRAPHEAL','515.127.4561',to_date('07/12/1994 00:00:00','DD/MM/YYYY HH24:MI:SS'),'PU_MAN',11000,null,100,30);
Insert into HR.EMPLOYEES (EMPLOYEE_ID,FIRST_NAME,LAST_NAME,EMAIL,PHONE_NUMBER,HIRE_DATE,JOB_ID,SALARY,COMMISSION_PCT,MANAGER_ID,DEPARTMENT_ID) values (115,'DianaA','Khoo','AKHOO','143.888.234248',to_date('18/05/1995 00:00:00','DD/MM/YYYY HH24:MI:SS'),'PU_CLERK',7309.63,null,114,30);
Insert into HR.EMPLOYEES (EMPLOYEE_ID,FIRST_NAME,LAST_NAME,EMAIL,PHONE_NUMBER,HIRE_DATE,JOB_ID,SALARY,COMMISSION_PCT,MANAGER_ID,DEPARTMENT_ID) values (116,'Shelli','Baida','SBAIDA','515.127.4563',to_date('24/12/1997 00:00:00','DD/MM/YYYY HH24:MI:SS'),'PU_CLERK',6838.05,null,114,30);
Insert into HR.EMPLOYEES (EMPLOYEE_ID,FIRST_NAME,LAST_NAME,EMAIL,PHONE_NUMBER,HIRE_DATE,JOB_ID,SALARY,COMMISSION_PCT,MANAGER_ID,DEPARTMENT_ID) values (117,'Sigal','Tobias','STOBIAS','515.127.4564',to_date('24/07/1997 00:00:00','DD/MM/YYYY HH24:MI:SS'),'PU_CLERK',6602.26,null,114,30);
Insert into HR.EMPLOYEES (EMPLOYEE_ID,FIRST_NAME,LAST_NAME,EMAIL,PHONE_NUMBER,HIRE_DATE,JOB_ID,SALARY,COMMISSION_PCT,MANAGER_ID,DEPARTMENT_ID) values (118,'al','Himuro','GHIMURO','515.127.4565',to_date('15/11/1998 00:00:00','DD/MM/YYYY HH24:MI:SS'),'PU_CLERK',6130.67,null,114,30);
Insert into HR.EMPLOYEES (EMPLOYEE_ID,FIRST_NAME,LAST_NAME,EMAIL,PHONE_NUMBER,HIRE_DATE,JOB_ID,SALARY,COMMISSION_PCT,MANAGER_ID,DEPARTMENT_ID) values (119,'GlenPeter','Colmenares','KCOLMENA','515.127.4566',to_date('10/08/1999 00:00:00','DD/MM/YYYY HH24:MI:SS'),'PU_CLERK',5894.88,null,114,30);
Insert into HR.EMPLOYEES (EMPLOYEE_ID,FIRST_NAME,LAST_NAME,EMAIL,PHONE_NUMBER,HIRE_DATE,JOB_ID,SALARY,COMMISSION_PCT,MANAGER_ID,DEPARTMENT_ID) values (120,'Matthew','Weiss','MWEISS','7535.246.1238',to_date('18/07/1996 00:00:00','DD/MM/YYYY HH24:MI:SS'),'ST_MAN',12884.08,null,100,50);
Insert into HR.EMPLOYEES (EMPLOYEE_ID,FIRST_NAME,LAST_NAME,EMAIL,PHONE_NUMBER,HIRE_DATE,JOB_ID,SALARY,COMMISSION_PCT,MANAGER_ID,DEPARTMENT_ID) values (121,'Adam','Fripp','AFRIPP','11.2064.234244',to_date('10/04/1997 00:00:00','DD/MM/YYYY HH24:MI:SS'),'ST_MAN',13206.18,null,100,50);
Insert into HR.EMPLOYEES (EMPLOYEE_ID,FIRST_NAME,LAST_NAME,EMAIL,PHONE_NUMBER,HIRE_DATE,JOB_ID,SALARY,COMMISSION_PCT,MANAGER_ID,DEPARTMENT_ID) values (122,'Payam','Kaufling','PKAUFLIN','553.0426.23442',to_date('01/05/1995 00:00:00','DD/MM/YYYY HH24:MI:SS'),'ST_MAN',13995.33,null,100,50);
Insert into HR.EMPLOYEES (EMPLOYEE_ID,FIRST_NAME,LAST_NAME,EMAIL,PHONE_NUMBER,HIRE_DATE,JOB_ID,SALARY,COMMISSION_PCT,MANAGER_ID,DEPARTMENT_ID) values (123,'Shanta','Vollman','SVOLLMAN','3151.222.223442',to_date('10/10/1997 00:00:00','DD/MM/YYYY HH24:MI:SS'),'ST_MAN',13933.34,null,100,50);
Insert into HR.EMPLOYEES (EMPLOYEE_ID,FIRST_NAME,LAST_NAME,EMAIL,PHONE_NUMBER,HIRE_DATE,JOB_ID,SALARY,COMMISSION_PCT,MANAGER_ID,DEPARTMENT_ID) values (124,'Kevin','Mourgos','KMOURGOS','351.123.5234',to_date('16/11/1999 00:00:00','DD/MM/YYYY HH24:MI:SS'),'ST_MAN',13676.11,null,100,50);
Insert into HR.EMPLOYEES (EMPLOYEE_ID,FIRST_NAME,LAST_NAME,EMAIL,PHONE_NUMBER,HIRE_DATE,JOB_ID,SALARY,COMMISSION_PCT,MANAGER_ID,DEPARTMENT_ID) values (125,'Julia','Nayer','JNAYER','151.0222.23442',to_date('16/07/1997 00:00:00','DD/MM/YYYY HH24:MI:SS'),'ST_CLERK',500000,null,120,50);
Insert into HR.EMPLOYEES (EMPLOYEE_ID,FIRST_NAME,LAST_NAME,EMAIL,PHONE_NUMBER,HIRE_DATE,JOB_ID,SALARY,COMMISSION_PCT,MANAGER_ID,DEPARTMENT_ID) values (126,'Irene','Mikkilineni','IMIKKILI','7535.246.1228',to_date('28/09/1998 00:00:00','DD/MM/YYYY HH24:MI:SS'),'ST_CLERK',10253.25,null,120,50);
Insert into HR.EMPLOYEES (EMPLOYEE_ID,FIRST_NAME,LAST_NAME,EMAIL,PHONE_NUMBER,HIRE_DATE,JOB_ID,SALARY,COMMISSION_PCT,MANAGER_ID,DEPARTMENT_ID) values (127,'Daaavid','Mc Landry','JLANDRY','7535.246.1338',to_date('14/01/1999 00:00:00','DD/MM/YYYY HH24:MI:SS'),'ST_CLERK',9113.98,null,120,50);
Insert into HR.EMPLOYEES (EMPLOYEE_ID,FIRST_NAME,LAST_NAME,EMAIL,PHONE_NUMBER,HIRE_DATE,JOB_ID,SALARY,COMMISSION_PCT,MANAGER_ID,DEPARTMENT_ID) values (128,'Steven','Markle','SMARKLE','7535.246.1438',to_date('08/03/2000 00:00:00','DD/MM/YYYY HH24:MI:SS'),'ST_CLERK',8354.49,null,120,50);
Insert into HR.EMPLOYEES (EMPLOYEE_ID,FIRST_NAME,LAST_NAME,EMAIL,PHONE_NUMBER,HIRE_DATE,JOB_ID,SALARY,COMMISSION_PCT,MANAGER_ID,DEPARTMENT_ID) values (129,'Laura','Bissot','LBISSOT','1351.2248.252348',to_date('20/08/1997 00:00:00','DD/MM/YYYY HH24:MI:SS'),'ST_CLERK',12531.76,null,121,50);
Insert into HR.EMPLOYEES (EMPLOYEE_ID,FIRST_NAME,LAST_NAME,EMAIL,PHONE_NUMBER,HIRE_DATE,JOB_ID,SALARY,COMMISSION_PCT,MANAGER_ID,DEPARTMENT_ID) values (130,'D33333on','Atkinson','MATKINSO','7535.246.6238',to_date('30/10/1997 00:00:00','DD/MM/YYYY HH24:MI:SS'),'ST_CLERK',10633.01,null,121,50);
Insert into HR.EMPLOYEES (EMPLOYEE_ID,FIRST_NAME,LAST_NAME,EMAIL,PHONE_NUMBER,HIRE_DATE,JOB_ID,SALARY,COMMISSION_PCT,MANAGER_ID,DEPARTMENT_ID) values (131,'Peter','Marlow','JAMRLOW','7535.246.7238',to_date('16/02/1997 00:00:00','DD/MM/YYYY HH24:MI:SS'),'ST_CLERK',9493.77,null,121,50);
Insert into HR.EMPLOYEES (EMPLOYEE_ID,FIRST_NAME,LAST_NAME,EMAIL,PHONE_NUMBER,HIRE_DATE,JOB_ID,SALARY,COMMISSION_PCT,MANAGER_ID,DEPARTMENT_ID) values (132,'TJ','Olson','TJOLSON','753.124.8234',to_date('10/04/1999 00:00:00','DD/MM/YYYY HH24:MI:SS'),'ST_CLERK',7974.76,null,121,50);
Insert into HR.EMPLOYEES (EMPLOYEE_ID,FIRST_NAME,LAST_NAME,EMAIL,PHONE_NUMBER,HIRE_DATE,JOB_ID,SALARY,COMMISSION_PCT,MANAGER_ID,DEPARTMENT_ID) values (133,'Jason','Mallin','JMALLIN','7531.246.1934',to_date('14/06/1996 00:00:00','DD/MM/YYYY HH24:MI:SS'),'ST_CLERK',12531.76,null,122,50);
Insert into HR.EMPLOYEES (EMPLOYEE_ID,FIRST_NAME,LAST_NAME,EMAIL,PHONE_NUMBER,HIRE_DATE,JOB_ID,SALARY,COMMISSION_PCT,MANAGER_ID,DEPARTMENT_ID) values (134,'Daaavid123','Rogers','MROGERS','7531.246.1834',to_date('26/08/1998 00:00:00','DD/MM/YYYY HH24:MI:SS'),'ST_CLERK',11012.77,null,122,50);
Insert into HR.EMPLOYEES (EMPLOYEE_ID,FIRST_NAME,LAST_NAME,EMAIL,PHONE_NUMBER,HIRE_DATE,JOB_ID,SALARY,COMMISSION_PCT,MANAGER_ID,DEPARTMENT_ID) values (135,'Ki','Gee','KGEE','7531.246.1738',to_date('12/12/1999 00:00:00','DD/MM/YYYY HH24:MI:SS'),'ST_CLERK',9113.98,null,122,50);
Insert into HR.EMPLOYEES (EMPLOYEE_ID,FIRST_NAME,LAST_NAME,EMAIL,PHONE_NUMBER,HIRE_DATE,JOB_ID,SALARY,COMMISSION_PCT,MANAGER_ID,DEPARTMENT_ID) values (136,'Daaana','Philtanker','HPHILTAN','7531.246.1638',to_date('06/02/2000 00:00:00','DD/MM/YYYY HH24:MI:SS'),'ST_CLERK',8354.49,null,122,50);
Insert into HR.EMPLOYEES (EMPLOYEE_ID,FIRST_NAME,LAST_NAME,EMAIL,PHONE_NUMBER,HIRE_DATE,JOB_ID,SALARY,COMMISSION_PCT,MANAGER_ID,DEPARTMENT_ID) values (137,'Da','Ladwig','RLADWIG','650.121.1234',to_date('14/07/1995 00:00:00','DD/MM/YYYY HH24:MI:SS'),'ST_CLERK',12428.17,null,123,50);
Insert into HR.EMPLOYEES (EMPLOYEE_ID,FIRST_NAME,LAST_NAME,EMAIL,PHONE_NUMBER,HIRE_DATE,JOB_ID,SALARY,COMMISSION_PCT,MANAGER_ID,DEPARTMENT_ID) values (138,'Stephen','Stiles','SSTILES','7535.246.2034',to_date('26/10/1997 00:00:00','DD/MM/YYYY HH24:MI:SS'),'ST_CLERK',12152,null,123,50);
Insert into HR.EMPLOYEES (EMPLOYEE_ID,FIRST_NAME,LAST_NAME,EMAIL,PHONE_NUMBER,HIRE_DATE,JOB_ID,SALARY,COMMISSION_PCT,MANAGER_ID,DEPARTMENT_ID) values (139,'Peterson','Seo','JSEO','7535.246.2019',to_date('12/02/1998 00:00:00','DD/MM/YYYY HH24:MI:SS'),'ST_CLERK',10253.25,null,123,50);
Insert into HR.EMPLOYEES (EMPLOYEE_ID,FIRST_NAME,LAST_NAME,EMAIL,PHONE_NUMBER,HIRE_DATE,JOB_ID,SALARY,COMMISSION_PCT,MANAGER_ID,DEPARTMENT_ID) values (140,'Joshua','Patel','JPATEL','650.121.1834',to_date('06/04/1998 00:00:00','DD/MM/YYYY HH24:MI:SS'),'ST_CLERK',9493.77,null,123,50);
Insert into HR.EMPLOYEES (EMPLOYEE_ID,FIRST_NAME,LAST_NAME,EMAIL,PHONE_NUMBER,HIRE_DATE,JOB_ID,SALARY,COMMISSION_PCT,MANAGER_ID,DEPARTMENT_ID) values (141,'Peter','Rajs','TRAJS','7535.246.8009',to_date('17/10/1995 00:00:00','DD/MM/YYYY HH24:MI:SS'),'ST_CLERK',12082.96,null,124,50);
Insert into HR.EMPLOYEES (EMPLOYEE_ID,FIRST_NAME,LAST_NAME,EMAIL,PHONE_NUMBER,HIRE_DATE,JOB_ID,SALARY,COMMISSION_PCT,MANAGER_ID,DEPARTMENT_ID) values (142,'Daaan','Davies','CDAVIES','7535.246.2994',to_date('29/01/1997 00:00:00','DD/MM/YYYY HH24:MI:SS'),'ST_CLERK',11772.23,null,124,50);
Insert into HR.EMPLOYEES (EMPLOYEE_ID,FIRST_NAME,LAST_NAME,EMAIL,PHONE_NUMBER,HIRE_DATE,JOB_ID,SALARY,COMMISSION_PCT,MANAGER_ID,DEPARTMENT_ID) values (143,'Daaaan','Matos','RMATOS','7535.246.2874',to_date('15/03/1998 00:00:00','DD/MM/YYYY HH24:MI:SS'),'ST_CLERK',9873.5,null,124,50);
Insert into HR.EMPLOYEES (EMPLOYEE_ID,FIRST_NAME,LAST_NAME,EMAIL,PHONE_NUMBER,HIRE_DATE,JOB_ID,SALARY,COMMISSION_PCT,MANAGER_ID,DEPARTMENT_ID) values (144,'Dn','Vargas','PVARGAS','7535.246.2004',to_date('09/07/1998 00:00:00','DD/MM/YYYY HH24:MI:SS'),'ST_CLERK',9493.77,null,124,50);
Insert into HR.EMPLOYEES (EMPLOYEE_ID,FIRST_NAME,LAST_NAME,EMAIL,PHONE_NUMBER,HIRE_DATE,JOB_ID,SALARY,COMMISSION_PCT,MANAGER_ID,DEPARTMENT_ID) values (145,'Kal-El','Russell','JRUSSEL','011.44.1344.429268',to_date('01/10/1996 00:00:00','DD/MM/YYYY HH24:MI:SS'),'SA_MAN',1000,0.4,100,80);
Insert into HR.EMPLOYEES (EMPLOYEE_ID,FIRST_NAME,LAST_NAME,EMAIL,PHONE_NUMBER,HIRE_DATE,JOB_ID,SALARY,COMMISSION_PCT,MANAGER_ID,DEPARTMENT_ID) values (146,'Dan','Partners','KPARTNER','011.44.1344.467268',to_date('05/01/1997 00:00:00','DD/MM/YYYY HH24:MI:SS'),'SA_MAN',13500,0.3,100,80);
Insert into HR.EMPLOYEES (EMPLOYEE_ID,FIRST_NAME,LAST_NAME,EMAIL,PHONE_NUMBER,HIRE_DATE,JOB_ID,SALARY,COMMISSION_PCT,MANAGER_ID,DEPARTMENT_ID) values (147,'Daana','Errazuriz','AERRAZUR','011.44.1344.429278',to_date('10/03/1997 00:00:00','DD/MM/YYYY HH24:MI:SS'),'SA_MAN',12000,0.3,100,80);
Insert into HR.EMPLOYEES (EMPLOYEE_ID,FIRST_NAME,LAST_NAME,EMAIL,PHONE_NUMBER,HIRE_DATE,JOB_ID,SALARY,COMMISSION_PCT,MANAGER_ID,DEPARTMENT_ID) values (148,'Duuvid','Cambrault','GCAMBRAU','011.44.1344.619268',to_date('15/10/1999 00:00:00','DD/MM/YYYY HH24:MI:SS'),'SA_MAN',11000,0.3,100,80);
Insert into HR.EMPLOYEES (EMPLOYEE_ID,FIRST_NAME,LAST_NAME,EMAIL,PHONE_NUMBER,HIRE_DATE,JOB_ID,SALARY,COMMISSION_PCT,MANAGER_ID,DEPARTMENT_ID) values (149,'Eleni','Zlotkey','EZLOTKEY','011.44.1344.429018',to_date('29/01/2000 00:00:00','DD/MM/YYYY HH24:MI:SS'),'SA_MAN',10500,0.2,100,80);
Insert into HR.EMPLOYEES (EMPLOYEE_ID,FIRST_NAME,LAST_NAME,EMAIL,PHONE_NUMBER,HIRE_DATE,JOB_ID,SALARY,COMMISSION_PCT,MANAGER_ID,DEPARTMENT_ID) values (150,'Peter','Tucker','PTUCKER','151.0222.23448',to_date('30/01/1997 00:00:00','DD/MM/YYYY HH24:MI:SS'),'SA_REP',26000,0.3,145,90);
Insert into HR.EMPLOYEES (EMPLOYEE_ID,FIRST_NAME,LAST_NAME,EMAIL,PHONE_NUMBER,HIRE_DATE,JOB_ID,SALARY,COMMISSION_PCT,MANAGER_ID,DEPARTMENT_ID) values (151,'David','Bernstein','DBERNSTE','011.44.1344.345268',to_date('24/03/1997 00:00:00','DD/MM/YYYY HH24:MI:SS'),'SA_REP',9500,0.25,145,80);
Insert into HR.EMPLOYEES (EMPLOYEE_ID,FIRST_NAME,LAST_NAME,EMAIL,PHONE_NUMBER,HIRE_DATE,JOB_ID,SALARY,COMMISSION_PCT,MANAGER_ID,DEPARTMENT_ID) values (153,'Daaaaaan','Olsen','COLSEN','551.222.223446',to_date('30/03/1998 00:00:00','DD/MM/YYYY HH24:MI:SS'),'SA_REP',8800,0.2,145,80);
Insert into HR.EMPLOYEES (EMPLOYEE_ID,FIRST_NAME,LAST_NAME,EMAIL,PHONE_NUMBER,HIRE_DATE,JOB_ID,SALARY,COMMISSION_PCT,MANAGER_ID,DEPARTMENT_ID) values (154,'Nanette','Cambrault','NCAMBRAU','111.0204.23448',to_date('09/12/1998 00:00:00','DD/MM/YYYY HH24:MI:SS'),'SA_REP',9075,0.2,145,80);
Insert into HR.EMPLOYEES (EMPLOYEE_ID,FIRST_NAME,LAST_NAME,EMAIL,PHONE_NUMBER,HIRE_DATE,JOB_ID,SALARY,COMMISSION_PCT,MANAGER_ID,DEPARTMENT_ID) values (155,'Dia a','Tuvault','OTUVAULT','553.888.223446',to_date('23/11/1999 00:00:00','DD/MM/YYYY HH24:MI:SS'),'SA_REP',35000,0.15,145,80);
Insert into HR.EMPLOYEES (EMPLOYEE_ID,FIRST_NAME,LAST_NAME,EMAIL,PHONE_NUMBER,HIRE_DATE,JOB_ID,SALARY,COMMISSION_PCT,MANAGER_ID,DEPARTMENT_ID) values (156,'D111111asd','King','JKING','135.0204.23448',to_date('30/01/1996 00:00:00','DD/MM/YYYY HH24:MI:SS'),'SA_REP',17715.61,0.35,146,80);
Insert into HR.EMPLOYEES (EMPLOYEE_ID,FIRST_NAME,LAST_NAME,EMAIL,PHONE_NUMBER,HIRE_DATE,JOB_ID,SALARY,COMMISSION_PCT,MANAGER_ID,DEPARTMENT_ID) values (157,'Daa','Sully','PSULLY','011.44.1345.929268',to_date('04/03/1996 00:00:00','DD/MM/YYYY HH24:MI:SS'),'SA_REP',9500,0.35,146,80);
Insert into HR.EMPLOYEES (EMPLOYEE_ID,FIRST_NAME,LAST_NAME,EMAIL,PHONE_NUMBER,HIRE_DATE,JOB_ID,SALARY,COMMISSION_PCT,MANAGER_ID,DEPARTMENT_ID) values (158,'Allan','McEwen','AMCEWEN','011.44.1345.829268',to_date('01/08/1996 00:00:00','DD/MM/YYYY HH24:MI:SS'),'SA_REP',9000,0.35,146,80);
Insert into HR.EMPLOYEES (EMPLOYEE_ID,FIRST_NAME,LAST_NAME,EMAIL,PHONE_NUMBER,HIRE_DATE,JOB_ID,SALARY,COMMISSION_PCT,MANAGER_ID,DEPARTMENT_ID) values (159,'Pacol','Smith','LSMITH','011.44.1345.729268',to_date('10/03/1997 00:00:00','DD/MM/YYYY HH24:MI:SS'),'SA_REP',4000,0.3,146,80);
Insert into HR.EMPLOYEES (EMPLOYEE_ID,FIRST_NAME,LAST_NAME,EMAIL,PHONE_NUMBER,HIRE_DATE,JOB_ID,SALARY,COMMISSION_PCT,MANAGER_ID,DEPARTMENT_ID) values (160,'Louise','Doran','LDORAN','011.44.1345.629268',to_date('15/12/1997 00:00:00','DD/MM/YYYY HH24:MI:SS'),'SA_REP',9075,0.3,146,80);
Insert into HR.EMPLOYEES (EMPLOYEE_ID,FIRST_NAME,LAST_NAME,EMAIL,PHONE_NUMBER,HIRE_DATE,JOB_ID,SALARY,COMMISSION_PCT,MANAGER_ID,DEPARTMENT_ID) values (161,'Sarath','Sewall','SSEWALL','011.44.1345.529268',to_date('03/11/1998 00:00:00','DD/MM/YYYY HH24:MI:SS'),'SA_REP',9317,0.25,146,80);
Insert into HR.EMPLOYEES (EMPLOYEE_ID,FIRST_NAME,LAST_NAME,EMAIL,PHONE_NUMBER,HIRE_DATE,JOB_ID,SALARY,COMMISSION_PCT,MANAGER_ID,DEPARTMENT_ID) values (162,'Clara','Vishney','CVISHNEY','011.44.1346.129268',to_date('11/11/1997 00:00:00','DD/MM/YYYY HH24:MI:SS'),'SA_REP',10500,0.25,147,80);
Insert into HR.EMPLOYEES (EMPLOYEE_ID,FIRST_NAME,LAST_NAME,EMAIL,PHONE_NUMBER,HIRE_DATE,JOB_ID,SALARY,COMMISSION_PCT,MANAGER_ID,DEPARTMENT_ID) values (163,'CarDanaaaalo','Greene','DGREENE','011.44.1346.229268',to_date('19/03/1999 00:00:00','DD/MM/YYYY HH24:MI:SS'),'SA_REP',9500,0.15,147,80);
Insert into HR.EMPLOYEES (EMPLOYEE_ID,FIRST_NAME,LAST_NAME,EMAIL,PHONE_NUMBER,HIRE_DATE,JOB_ID,SALARY,COMMISSION_PCT,MANAGER_ID,DEPARTMENT_ID) values (164,'Mattea','Marvins','MMARVINS','011.44.1346.329268',to_date('24/01/2000 00:00:00','DD/MM/YYYY HH24:MI:SS'),'SA_REP',9583.2,0.1,147,80);
Insert into HR.EMPLOYEES (EMPLOYEE_ID,FIRST_NAME,LAST_NAME,EMAIL,PHONE_NUMBER,HIRE_DATE,JOB_ID,SALARY,COMMISSION_PCT,MANAGER_ID,DEPARTMENT_ID) values (165,'David','Lee','DLEE','011.44.1346.529268',to_date('23/02/2000 00:00:00','DD/MM/YYYY HH24:MI:SS'),'SA_REP',9050.8,0.1,147,80);
Insert into HR.EMPLOYEES (EMPLOYEE_ID,FIRST_NAME,LAST_NAME,EMAIL,PHONE_NUMBER,HIRE_DATE,JOB_ID,SALARY,COMMISSION_PCT,MANAGER_ID,DEPARTMENT_ID) values (166,'Daaaana','Ande','SANDE','011.44.1346.629268',to_date('24/03/2000 00:00:00','DD/MM/YYYY HH24:MI:SS'),'SA_REP',9370.24,0.1,147,80);
Insert into HR.EMPLOYEES (EMPLOYEE_ID,FIRST_NAME,LAST_NAME,EMAIL,PHONE_NUMBER,HIRE_DATE,JOB_ID,SALARY,COMMISSION_PCT,MANAGER_ID,DEPARTMENT_ID) values (167,'Amit','Banda','ABANDA','011.44.1346.729268',to_date('21/04/2000 00:00:00','DD/MM/YYYY HH24:MI:SS'),'SA_REP',9077.42,0.1,147,80);
Insert into HR.EMPLOYEES (EMPLOYEE_ID,FIRST_NAME,LAST_NAME,EMAIL,PHONE_NUMBER,HIRE_DATE,JOB_ID,SALARY,COMMISSION_PCT,MANAGER_ID,DEPARTMENT_ID) values (168,'Ronald','Ozer','LOZER','011.44.1343.929268',to_date('11/03/1997 00:00:00','DD/MM/YYYY HH24:MI:SS'),'SA_REP',11500,0.25,148,80);
Insert into HR.EMPLOYEES (EMPLOYEE_ID,FIRST_NAME,LAST_NAME,EMAIL,PHONE_NUMBER,HIRE_DATE,JOB_ID,SALARY,COMMISSION_PCT,MANAGER_ID,DEPARTMENT_ID) values (169,'E45zab###ee778?tv','Bloom','HBLOOM','011.44.1343.829268',to_date('23/03/1998 00:00:00','DD/MM/YYYY HH24:MI:SS'),'SA_REP',10000,0.2,148,80);
Insert into HR.EMPLOYEES (EMPLOYEE_ID,FIRST_NAME,LAST_NAME,EMAIL,PHONE_NUMBER,HIRE_DATE,JOB_ID,SALARY,COMMISSION_PCT,MANAGER_ID,DEPARTMENT_ID) values (170,'D111en','Fox','TFOX','011.44.1343.729268',to_date('24/01/1998 00:00:00','DD/MM/YYYY HH24:MI:SS'),'SA_REP',9600,0.2,148,80);
Insert into HR.EMPLOYEES (EMPLOYEE_ID,FIRST_NAME,LAST_NAME,EMAIL,PHONE_NUMBER,HIRE_DATE,JOB_ID,SALARY,COMMISSION_PCT,MANAGER_ID,DEPARTMENT_ID) values (171,'William','Smith','WSMITH','011.44.1343.629268',to_date('23/02/1999 00:00:00','DD/MM/YYYY HH24:MI:SS'),'SA_REP',8954,0.15,148,80);
Insert into HR.EMPLOYEES (EMPLOYEE_ID,FIRST_NAME,LAST_NAME,EMAIL,PHONE_NUMBER,HIRE_DATE,JOB_ID,SALARY,COMMISSION_PCT,MANAGER_ID,DEPARTMENT_ID) values (172,'Elizabeeeeeeetv','Bates','EBATES','011.44.1343.529268',to_date('24/03/1999 00:00:00','DD/MM/YYYY HH24:MI:SS'),'SA_REP',8833,0.15,148,80);
Insert into HR.EMPLOYEES (EMPLOYEE_ID,FIRST_NAME,LAST_NAME,EMAIL,PHONE_NUMBER,HIRE_DATE,JOB_ID,SALARY,COMMISSION_PCT,MANAGER_ID,DEPARTMENT_ID) values (173,'D33ny','Kumar','SKUMAR','1235.204.232444',to_date('21/04/2000 00:00:00','DD/MM/YYYY HH24:MI:SS'),'SA_REP',8931.01,0.1,148,80);
Insert into HR.EMPLOYEES (EMPLOYEE_ID,FIRST_NAME,LAST_NAME,EMAIL,PHONE_NUMBER,HIRE_DATE,JOB_ID,SALARY,COMMISSION_PCT,MANAGER_ID,DEPARTMENT_ID) values (174,'Ellen','Abel','EABEL','011.44.1644.429267',to_date('11/05/1996 00:00:00','DD/MM/YYYY HH24:MI:SS'),'SA_REP',11000,0.3,149,80);
Insert into HR.EMPLOYEES (EMPLOYEE_ID,FIRST_NAME,LAST_NAME,EMAIL,PHONE_NUMBER,HIRE_DATE,JOB_ID,SALARY,COMMISSION_PCT,MANAGER_ID,DEPARTMENT_ID) values (175,'Dia_a','Hutton','AHUTTON','011.44.1644.429266',to_date('19/03/1997 00:00:00','DD/MM/YYYY HH24:MI:SS'),'SA_REP',8800,0.25,149,80);
Insert into HR.EMPLOYEES (EMPLOYEE_ID,FIRST_NAME,LAST_NAME,EMAIL,PHONE_NUMBER,HIRE_DATE,JOB_ID,SALARY,COMMISSION_PCT,MANAGER_ID,DEPARTMENT_ID) values (176,'Jonathon','Taylor','JTAYLOR','011.44.1644.429265',to_date('24/03/1998 00:00:00','DD/MM/YYYY HH24:MI:SS'),'SA_REP',9460,0.2,149,80);
Insert into HR.EMPLOYEES (EMPLOYEE_ID,FIRST_NAME,LAST_NAME,EMAIL,PHONE_NUMBER,HIRE_DATE,JOB_ID,SALARY,COMMISSION_PCT,MANAGER_ID,DEPARTMENT_ID) values (177,'David','Livingston','JLIVINGS','011.44.1644.429264',to_date('23/04/1998 00:00:00','DD/MM/YYYY HH24:MI:SS'),'SA_REP',9240,0.2,149,80);
Insert into HR.EMPLOYEES (EMPLOYEE_ID,FIRST_NAME,LAST_NAME,EMAIL,PHONE_NUMBER,HIRE_DATE,JOB_ID,SALARY,COMMISSION_PCT,MANAGER_ID,DEPARTMENT_ID) values (178,'Kimberely','Grant','KGRANT','011.44.1644.429263',to_date('24/05/1999 00:00:00','DD/MM/YYYY HH24:MI:SS'),'SA_REP',9317,0.15,149,null);
Insert into HR.EMPLOYEES (EMPLOYEE_ID,FIRST_NAME,LAST_NAME,EMAIL,PHONE_NUMBER,HIRE_DATE,JOB_ID,SALARY,COMMISSION_PCT,MANAGER_ID,DEPARTMENT_ID) values (179,'D','Johnson','CJOHNSON','011.44.1644.429262',to_date('04/01/2000 00:00:00','DD/MM/YYYY HH24:MI:SS'),'SA_REP',9077.42,0.1,149,80);
Insert into HR.EMPLOYEES (EMPLOYEE_ID,FIRST_NAME,LAST_NAME,EMAIL,PHONE_NUMBER,HIRE_DATE,JOB_ID,SALARY,COMMISSION_PCT,MANAGER_ID,DEPARTMENT_ID) values (180,'Winston','Taylor','WTAYLOR','751.6488.9876',to_date('24/01/1998 00:00:00','DD/MM/YYYY HH24:MI:SS'),'SH_CLERK',12152,null,120,50);
Insert into HR.EMPLOYEES (EMPLOYEE_ID,FIRST_NAME,LAST_NAME,EMAIL,PHONE_NUMBER,HIRE_DATE,JOB_ID,SALARY,COMMISSION_PCT,MANAGER_ID,DEPARTMENT_ID) values (181,'Devid','Fleaur','JFLEAUR','751.6488.9877',to_date('23/02/1998 00:00:00','DD/MM/YYYY HH24:MI:SS'),'SH_CLERK',11772.23,null,120,50);
Insert into HR.EMPLOYEES (EMPLOYEE_ID,FIRST_NAME,LAST_NAME,EMAIL,PHONE_NUMBER,HIRE_DATE,JOB_ID,SALARY,COMMISSION_PCT,MANAGER_ID,DEPARTMENT_ID) values (182,'Daoved','Sullivan','MSULLIVA','650.507.9878',to_date('21/06/1999 00:00:00','DD/MM/YYYY HH24:MI:SS'),'SH_CLERK',9493.77,null,120,50);
Insert into HR.EMPLOYEES (EMPLOYEE_ID,FIRST_NAME,LAST_NAME,EMAIL,PHONE_NUMBER,HIRE_DATE,JOB_ID,SALARY,COMMISSION_PCT,MANAGER_ID,DEPARTMENT_ID) values (183,'Dvid','Geoni','GGEONI','7111.426.23442',to_date('03/02/2000 00:00:00','DD/MM/YYYY HH24:MI:SS'),'SH_CLERK',10633.01,null,120,50);
Insert into HR.EMPLOYEES (EMPLOYEE_ID,FIRST_NAME,LAST_NAME,EMAIL,PHONE_NUMBER,HIRE_DATE,JOB_ID,SALARY,COMMISSION_PCT,MANAGER_ID,DEPARTMENT_ID) values (184,'Dovud','Sarchand','NSARCHAN','650.509.1876',to_date('27/01/1996 00:00:00','DD/MM/YYYY HH24:MI:SS'),'SH_CLERK',13181.4,null,121,50);
Insert into HR.EMPLOYEES (EMPLOYEE_ID,FIRST_NAME,LAST_NAME,EMAIL,PHONE_NUMBER,HIRE_DATE,JOB_ID,SALARY,COMMISSION_PCT,MANAGER_ID,DEPARTMENT_ID) values (185,'Doovod','Bull','ABULL','650.509.2876',to_date('20/02/1997 00:00:00','DD/MM/YYYY HH24:MI:SS'),'SH_CLERK',12867.55,null,121,50);
Insert into HR.EMPLOYEES (EMPLOYEE_ID,FIRST_NAME,LAST_NAME,EMAIL,PHONE_NUMBER,HIRE_DATE,JOB_ID,SALARY,COMMISSION_PCT,MANAGER_ID,DEPARTMENT_ID) values (186,'Julia','Dellinger','JDELLING','111.0426.23442',to_date('24/06/1998 00:00:00','DD/MM/YYYY HH24:MI:SS'),'SH_CLERK',12911.47,null,121,50);
Insert into HR.EMPLOYEES (EMPLOYEE_ID,FIRST_NAME,LAST_NAME,EMAIL,PHONE_NUMBER,HIRE_DATE,JOB_ID,SALARY,COMMISSION_PCT,MANAGER_ID,DEPARTMENT_ID) values (187,'Da_vad','Cabrio','ACABRIO','551.0446.23444',to_date('07/02/1999 00:00:00','DD/MM/YYYY HH24:MI:SS'),'SH_CLERK',11392.51,null,121,50);
Insert into HR.EMPLOYEES (EMPLOYEE_ID,FIRST_NAME,LAST_NAME,EMAIL,PHONE_NUMBER,HIRE_DATE,JOB_ID,SALARY,COMMISSION_PCT,MANAGER_ID,DEPARTMENT_ID) values (188,'Duvid','Chung','KCHUNG','7511.505.1876',to_date('14/06/1997 00:00:00','DD/MM/YYYY HH24:MI:SS'),'SH_CLERK',13118.61,null,122,50);
Insert into HR.EMPLOYEES (EMPLOYEE_ID,FIRST_NAME,LAST_NAME,EMAIL,PHONE_NUMBER,HIRE_DATE,JOB_ID,SALARY,COMMISSION_PCT,MANAGER_ID,DEPARTMENT_ID) values (189,'Daaaaavid','Mc  Dilly','JDILLY','7511.505.2876',to_date('13/08/1997 00:00:00','DD/MM/YYYY HH24:MI:SS'),'SH_CLERK',12428.17,null,122,50);
Insert into HR.EMPLOYEES (EMPLOYEE_ID,FIRST_NAME,LAST_NAME,EMAIL,PHONE_NUMBER,HIRE_DATE,JOB_ID,SALARY,COMMISSION_PCT,MANAGER_ID,DEPARTMENT_ID) values (190,'Daviid','Gates','TGATES','7511.505.3876',to_date('11/07/1998 00:00:00','DD/MM/YYYY HH24:MI:SS'),'SH_CLERK',11012.77,null,122,50);
Insert into HR.EMPLOYEES (EMPLOYEE_ID,FIRST_NAME,LAST_NAME,EMAIL,PHONE_NUMBER,HIRE_DATE,JOB_ID,SALARY,COMMISSION_PCT,MANAGER_ID,DEPARTMENT_ID) values (191,'Randall','Perkins','RPERKINS','7511.505.4876',to_date('19/12/1999 00:00:00','DD/MM/YYYY HH24:MI:SS'),'SH_CLERK',9493.77,null,122,50);
Insert into HR.EMPLOYEES (EMPLOYEE_ID,FIRST_NAME,LAST_NAME,EMAIL,PHONE_NUMBER,HIRE_DATE,JOB_ID,SALARY,COMMISSION_PCT,MANAGER_ID,DEPARTMENT_ID) values (192,'JohaDana','Bell','SBELL','7531.246.1876',to_date('04/02/1996 00:00:00','DD/MM/YYYY HH24:MI:SS'),'SH_CLERK',13809.09,null,123,50);
Insert into HR.EMPLOYEES (EMPLOYEE_ID,FIRST_NAME,LAST_NAME,EMAIL,PHONE_NUMBER,HIRE_DATE,JOB_ID,SALARY,COMMISSION_PCT,MANAGER_ID,DEPARTMENT_ID) values (193,'Da1a','Everett','BEVERETT','7531.501.2876',to_date('03/03/1997 00:00:00','DD/MM/YYYY HH24:MI:SS'),'SH_CLERK',13463.87,null,123,50);
Insert into HR.EMPLOYEES (EMPLOYEE_ID,FIRST_NAME,LAST_NAME,EMAIL,PHONE_NUMBER,HIRE_DATE,JOB_ID,SALARY,COMMISSION_PCT,MANAGER_ID,DEPARTMENT_ID) values (194,'Samuel','McCain','SMCCAIN','7531.501.3876',to_date('01/07/1998 00:00:00','DD/MM/YYYY HH24:MI:SS'),'SH_CLERK',12152,null,123,50);
Insert into HR.EMPLOYEES (EMPLOYEE_ID,FIRST_NAME,LAST_NAME,EMAIL,PHONE_NUMBER,HIRE_DATE,JOB_ID,SALARY,COMMISSION_PCT,MANAGER_ID,DEPARTMENT_ID) values (195,'Vance','De la Hoya','VJONES','7511.501.4876',to_date('17/03/1999 00:00:00','DD/MM/YYYY HH24:MI:SS'),'SH_CLERK',10633.01,null,123,50);
Insert into HR.EMPLOYEES (EMPLOYEE_ID,FIRST_NAME,LAST_NAME,EMAIL,PHONE_NUMBER,HIRE_DATE,JOB_ID,SALARY,COMMISSION_PCT,MANAGER_ID,DEPARTMENT_ID) values (196,'Alana','Walsh','AWALSH','751.6488.9811',to_date('24/04/1998 00:00:00','DD/MM/YYYY HH24:MI:SS'),'SH_CLERK',11772.23,null,124,50);
Insert into HR.EMPLOYEES (EMPLOYEE_ID,FIRST_NAME,LAST_NAME,EMAIL,PHONE_NUMBER,HIRE_DATE,JOB_ID,SALARY,COMMISSION_PCT,MANAGER_ID,DEPARTMENT_ID) values (197,'Da@a','Feeney','KFEENEY','751.6488.9822',to_date('23/05/1998 00:00:00','DD/MM/YYYY HH24:MI:SS'),'SH_CLERK',11392.51,null,124,50);
--------------------------------------------------------
--  DDL for Index EMP_EMAIL_UK
--------------------------------------------------------

  CREATE UNIQUE INDEX "HR"."EMP_EMAIL_UK" ON "HR"."EMPLOYEES" ("EMAIL") 
  PCTFREE 10 INITRANS 2 MAXTRANS 255 COMPUTE STATISTICS 
  STORAGE(INITIAL 65536 NEXT 1048576 MINEXTENTS 1 MAXEXTENTS 2147483645
  PCTINCREASE 0 FREELISTS 1 FREELIST GROUPS 1
  BUFFER_POOL DEFAULT FLASH_CACHE DEFAULT CELL_FLASH_CACHE DEFAULT)
  TABLESPACE "USERS" ;
--------------------------------------------------------
--  DDL for Index EMP_EMP_ID_PK
--------------------------------------------------------

  CREATE UNIQUE INDEX "HR"."EMP_EMP_ID_PK" ON "HR"."EMPLOYEES" ("EMPLOYEE_ID") 
  PCTFREE 10 INITRANS 2 MAXTRANS 255 COMPUTE STATISTICS 
  STORAGE(INITIAL 65536 NEXT 1048576 MINEXTENTS 1 MAXEXTENTS 2147483645
  PCTINCREASE 0 FREELISTS 1 FREELIST GROUPS 1
  BUFFER_POOL DEFAULT FLASH_CACHE DEFAULT CELL_FLASH_CACHE DEFAULT)
  TABLESPACE "USERS" ;
--------------------------------------------------------
--  DDL for Index EMP_DEPARTMENT_IX
--------------------------------------------------------

  CREATE INDEX "HR"."EMP_DEPARTMENT_IX" ON "HR"."EMPLOYEES" ("DEPARTMENT_ID") 
  PCTFREE 10 INITRANS 2 MAXTRANS 255 COMPUTE STATISTICS 
  STORAGE(INITIAL 65536 NEXT 1048576 MINEXTENTS 1 MAXEXTENTS 2147483645
  PCTINCREASE 0 FREELISTS 1 FREELIST GROUPS 1
  BUFFER_POOL DEFAULT FLASH_CACHE DEFAULT CELL_FLASH_CACHE DEFAULT)
  TABLESPACE "USERS" ;
--------------------------------------------------------
--  DDL for Index EMP_JOB_IX
--------------------------------------------------------

  CREATE INDEX "HR"."EMP_JOB_IX" ON "HR"."EMPLOYEES" ("JOB_ID") 
  PCTFREE 10 INITRANS 2 MAXTRANS 255 COMPUTE STATISTICS 
  STORAGE(INITIAL 65536 NEXT 1048576 MINEXTENTS 1 MAXEXTENTS 2147483645
  PCTINCREASE 0 FREELISTS 1 FREELIST GROUPS 1
  BUFFER_POOL DEFAULT FLASH_CACHE DEFAULT CELL_FLASH_CACHE DEFAULT)
  TABLESPACE "USERS" ;
--------------------------------------------------------
--  DDL for Index EMP_MANAGER_IX
--------------------------------------------------------

  CREATE INDEX "HR"."EMP_MANAGER_IX" ON "HR"."EMPLOYEES" ("MANAGER_ID") 
  PCTFREE 10 INITRANS 2 MAXTRANS 255 COMPUTE STATISTICS 
  STORAGE(INITIAL 65536 NEXT 1048576 MINEXTENTS 1 MAXEXTENTS 2147483645
  PCTINCREASE 0 FREELISTS 1 FREELIST GROUPS 1
  BUFFER_POOL DEFAULT FLASH_CACHE DEFAULT CELL_FLASH_CACHE DEFAULT)
  TABLESPACE "USERS" ;
--------------------------------------------------------
--  DDL for Index EMP_NAME_IX
--------------------------------------------------------

  CREATE INDEX "HR"."EMP_NAME_IX" ON "HR"."EMPLOYEES" ("LAST_NAME", "FIRST_NAME") 
  PCTFREE 10 INITRANS 2 MAXTRANS 255 COMPUTE STATISTICS 
  STORAGE(INITIAL 65536 NEXT 1048576 MINEXTENTS 1 MAXEXTENTS 2147483645
  PCTINCREASE 0 FREELISTS 1 FREELIST GROUPS 1
  BUFFER_POOL DEFAULT FLASH_CACHE DEFAULT CELL_FLASH_CACHE DEFAULT)
  TABLESPACE "USERS" ;
--------------------------------------------------------
--  DDL for Trigger TRG2
--------------------------------------------------------

  CREATE OR REPLACE NONEDITIONABLE TRIGGER "HR"."TRG2" 
BEFORE UPDATE OF SALARY ON EMPLOYEES
FOR EACH ROW

DECLARE
    SAL_DIF NUMBER;
 BEGIN
   IF :NEW.SALARY < :OLD.SALARY THEN
      RAISE_APPLICATION_ERROR('-20205','EL SALARIO NO PUEDE SER MAS BAJO QUE EL ACTUAL');
     end if; 
    DBMS_OUTPUT.PUT_LINE(' NEW ' || :NEW.EMPLOYEE_ID || ' OLD ' || :OLD.EMPLOYEE_ID);
    SAL_DIF := :NEW.SALARY - :OLD.SALARY;
    DBMS_OUTPUT.PUT_LINE(' NEW ' || :NEW.SALARY);
    DBMS_OUTPUT.PUT_LINE(' OLD ' || :OLD.SALARY);
    DBMS_OUTPUT.PUT_LINE(' SAL_DIF ' || SAL_DIF);
 END;   

/
ALTER TRIGGER "HR"."TRG2" DISABLE;
--------------------------------------------------------
--  DDL for Trigger UPDATE_JOB_HISTORY
--------------------------------------------------------

  CREATE OR REPLACE NONEDITIONABLE TRIGGER "HR"."UPDATE_JOB_HISTORY" 
  AFTER UPDATE OF job_id, department_id ON employees
  FOR EACH ROW
BEGIN
  add_job_history(:old.employee_id, :old.hire_date, sysdate, 
                  :old.job_id, :old.department_id);
END;

/
ALTER TRIGGER "HR"."UPDATE_JOB_HISTORY" ENABLE;
--------------------------------------------------------
--  DDL for Trigger TRG1
--------------------------------------------------------

  CREATE OR REPLACE NONEDITIONABLE TRIGGER "HR"."TRG1" 
  AFTER UPDATE OF SALARY
  ON EMPLOYEES
  FOR EACH ROW
  BEGIN
        IF :NEW.SALARY > 15000 THEN
          UPDATE EMPLOYEES SET COMMISSION_PCT = TRUNC(:NEW.SALARY*.00000365,2)
          WHERE EMPLOYEE_ID = :OLD.EMPLOYEE_ID;
        END IF;

  END;
/
ALTER TRIGGER "HR"."TRG1" DISABLE;
--------------------------------------------------------
--  DDL for Trigger SECURE_EMPLOYEES
--------------------------------------------------------

  CREATE OR REPLACE NONEDITIONABLE TRIGGER "HR"."SECURE_EMPLOYEES" 
  BEFORE INSERT OR UPDATE OR DELETE ON employees
BEGIN
  secure_dml;
END secure_employees;

/
ALTER TRIGGER "HR"."SECURE_EMPLOYEES" DISABLE;
--------------------------------------------------------
--  Constraints for Table EMPLOYEES
--------------------------------------------------------

  ALTER TABLE "HR"."EMPLOYEES" MODIFY ("LAST_NAME" CONSTRAINT "EMP_LAST_NAME_NN" NOT NULL ENABLE);
  ALTER TABLE "HR"."EMPLOYEES" MODIFY ("EMAIL" CONSTRAINT "EMP_EMAIL_NN" NOT NULL ENABLE);
  ALTER TABLE "HR"."EMPLOYEES" MODIFY ("HIRE_DATE" CONSTRAINT "EMP_HIRE_DATE_NN" NOT NULL ENABLE);
  ALTER TABLE "HR"."EMPLOYEES" MODIFY ("JOB_ID" CONSTRAINT "EMP_JOB_NN" NOT NULL ENABLE);
  ALTER TABLE "HR"."EMPLOYEES" ADD CONSTRAINT "EMP_SALARY_MIN" CHECK (salary > 0) ENABLE;
  ALTER TABLE "HR"."EMPLOYEES" ADD CONSTRAINT "EMP_EMAIL_UK" UNIQUE ("EMAIL")
  USING INDEX PCTFREE 10 INITRANS 2 MAXTRANS 255 COMPUTE STATISTICS 
  STORAGE(INITIAL 65536 NEXT 1048576 MINEXTENTS 1 MAXEXTENTS 2147483645
  PCTINCREASE 0 FREELISTS 1 FREELIST GROUPS 1
  BUFFER_POOL DEFAULT FLASH_CACHE DEFAULT CELL_FLASH_CACHE DEFAULT)
  TABLESPACE "USERS"  ENABLE;
  ALTER TABLE "HR"."EMPLOYEES" ADD CONSTRAINT "EMP_EMP_ID_PK" PRIMARY KEY ("EMPLOYEE_ID")
  USING INDEX "HR"."EMP_EMP_ID_PK"  ENABLE;
--------------------------------------------------------
--  Ref Constraints for Table EMPLOYEES
--------------------------------------------------------

  ALTER TABLE "HR"."EMPLOYEES" ADD CONSTRAINT "EMP_DEPT_FK" FOREIGN KEY ("DEPARTMENT_ID")
	  REFERENCES "HR"."DEPARTMENTS" ("DEPARTMENT_ID") ENABLE;
  ALTER TABLE "HR"."EMPLOYEES" ADD CONSTRAINT "EMP_JOB_FK" FOREIGN KEY ("JOB_ID")
	  REFERENCES "HR"."JOBS" ("JOB_ID") ENABLE;
  ALTER TABLE "HR"."EMPLOYEES" ADD CONSTRAINT "EMP_MANAGER_FK" FOREIGN KEY ("MANAGER_ID")
	  REFERENCES "HR"."EMPLOYEES" ("EMPLOYEE_ID") ENABLE;


--------------------------------------------------------
--  File created - Tuesday-March-10-2026   
--------------------------------------------------------
--------------------------------------------------------
--  DDL for Table JOBS
--------------------------------------------------------

  CREATE TABLE "HR"."JOBS" 
   (	"JOB_ID" VARCHAR2(10 BYTE), 
	"JOB_TITLE" VARCHAR2(35 BYTE), 
	"MIN_SALARY" NUMBER(6,0), 
	"MAX_SALARY" NUMBER(6,0)
   ) SEGMENT CREATION IMMEDIATE 
  PCTFREE 10 PCTUSED 40 INITRANS 1 MAXTRANS 255 
 NOCOMPRESS LOGGING
  STORAGE(INITIAL 65536 NEXT 1048576 MINEXTENTS 1 MAXEXTENTS 2147483645
  PCTINCREASE 0 FREELISTS 1 FREELIST GROUPS 1
  BUFFER_POOL DEFAULT FLASH_CACHE DEFAULT CELL_FLASH_CACHE DEFAULT)
  TABLESPACE "USERS" ;

   COMMENT ON COLUMN "HR"."JOBS"."JOB_ID" IS 'Primary key of jobs table.';
   COMMENT ON COLUMN "HR"."JOBS"."JOB_TITLE" IS 'A not null column that shows job title, e.g. AD_VP, FI_ACCOUNTANT';
   COMMENT ON COLUMN "HR"."JOBS"."MIN_SALARY" IS 'Minimum salary for a job title.';
   COMMENT ON COLUMN "HR"."JOBS"."MAX_SALARY" IS 'Maximum salary for a job title';
   COMMENT ON TABLE "HR"."JOBS"  IS 'jobs table with job titles and salary ranges. Contains 19 rows.
References with employees and job_history table.';
REM INSERTING into HR.JOBS
SET DEFINE OFF;
Insert into HR.JOBS (JOB_ID,JOB_TITLE,MIN_SALARY,MAX_SALARY) values ('AD_PRES','President',20000,40000);
Insert into HR.JOBS (JOB_ID,JOB_TITLE,MIN_SALARY,MAX_SALARY) values ('AD_VP','Administration Vice President',15000,30000);
Insert into HR.JOBS (JOB_ID,JOB_TITLE,MIN_SALARY,MAX_SALARY) values ('AD_ASST','Administration Assistant',3000,6000);
Insert into HR.JOBS (JOB_ID,JOB_TITLE,MIN_SALARY,MAX_SALARY) values ('FI_MGR','Finance Manager',8200,16000);
Insert into HR.JOBS (JOB_ID,JOB_TITLE,MIN_SALARY,MAX_SALARY) values ('FI_ACCOUNT','Accountant',4200,9000);
Insert into HR.JOBS (JOB_ID,JOB_TITLE,MIN_SALARY,MAX_SALARY) values ('AC_MGR','Accounting Manager',8200,16000);
Insert into HR.JOBS (JOB_ID,JOB_TITLE,MIN_SALARY,MAX_SALARY) values ('AC_ACCOUNT','Public Accountant',4200,9000);
Insert into HR.JOBS (JOB_ID,JOB_TITLE,MIN_SALARY,MAX_SALARY) values ('SA_MAN','Sales Manager',10000,20000);
Insert into HR.JOBS (JOB_ID,JOB_TITLE,MIN_SALARY,MAX_SALARY) values ('SA_REP','Sales Representative',6000,12000);
Insert into HR.JOBS (JOB_ID,JOB_TITLE,MIN_SALARY,MAX_SALARY) values ('PU_MAN','Purchasing Manager',8000,15000);
Insert into HR.JOBS (JOB_ID,JOB_TITLE,MIN_SALARY,MAX_SALARY) values ('PU_CLERK','Purchasing Clerk',2500,5500);
Insert into HR.JOBS (JOB_ID,JOB_TITLE,MIN_SALARY,MAX_SALARY) values ('ST_MAN','Stock Manager',5500,8500);
Insert into HR.JOBS (JOB_ID,JOB_TITLE,MIN_SALARY,MAX_SALARY) values ('ST_CLERK','Stock Clerk',2000,5000);
Insert into HR.JOBS (JOB_ID,JOB_TITLE,MIN_SALARY,MAX_SALARY) values ('SH_CLERK','Shipping Clerk',2500,5500);
Insert into HR.JOBS (JOB_ID,JOB_TITLE,MIN_SALARY,MAX_SALARY) values ('IT_PROG','Programmer',4000,10000);
Insert into HR.JOBS (JOB_ID,JOB_TITLE,MIN_SALARY,MAX_SALARY) values ('MK_MAN','Marketing Manager',9000,15000);
Insert into HR.JOBS (JOB_ID,JOB_TITLE,MIN_SALARY,MAX_SALARY) values ('MK_REP','Marketing Representative',4000,9000);
Insert into HR.JOBS (JOB_ID,JOB_TITLE,MIN_SALARY,MAX_SALARY) values ('HR_REP','Human Resources Representative',4000,9000);
Insert into HR.JOBS (JOB_ID,JOB_TITLE,MIN_SALARY,MAX_SALARY) values ('PR_REP','Public Relations Representative',4500,10500);
--------------------------------------------------------
--  DDL for Index JOB_ID_PK
--------------------------------------------------------

  CREATE UNIQUE INDEX "HR"."JOB_ID_PK" ON "HR"."JOBS" ("JOB_ID") 
  PCTFREE 10 INITRANS 2 MAXTRANS 255 COMPUTE STATISTICS 
  STORAGE(INITIAL 65536 NEXT 1048576 MINEXTENTS 1 MAXEXTENTS 2147483645
  PCTINCREASE 0 FREELISTS 1 FREELIST GROUPS 1
  BUFFER_POOL DEFAULT FLASH_CACHE DEFAULT CELL_FLASH_CACHE DEFAULT)
  TABLESPACE "USERS" ;
--------------------------------------------------------
--  Constraints for Table JOBS
--------------------------------------------------------

  ALTER TABLE "HR"."JOBS" MODIFY ("JOB_TITLE" CONSTRAINT "JOB_TITLE_NN" NOT NULL ENABLE);
  ALTER TABLE "HR"."JOBS" ADD CONSTRAINT "JOB_ID_PK" PRIMARY KEY ("JOB_ID")
  USING INDEX "HR"."JOB_ID_PK"  ENABLE;
  
  SELECT object_name, object_type, status
FROM dba_objects
WHERE object_name = 'ADD_JOB_HISTORY'
  AND owner = 'HR';

